{"metrics": ["f1", "recall", "roc_auc", "accuracy"], "linear support vector": [0.7951807228915662, 0.75, [0.8214285714285714], 0.83], "random forest": [0.6966292134831461, 0.7045454545454546, [0.7272727272727273], 0.73], "logistic regression": [0.8095238095238095, 0.7727272727272727, [0.8327922077922079], 0.84], "gradient boosting": [0.6329113924050633, 0.5681818181818182, [0.6948051948051948], 0.71], "k neigbors": [0.7906976744186046, 0.7727272727272727, [0.8149350649350651], 0.82]}