{"metrics": ["f1", "recall", "roc_auc", "accuracy"], "linear support vector": [0.7951807228915662, 0.75, [0.8214285714285714], 0.83], "random forest": [0.7692307692307692, 0.7954545454545454, [0.7905844155844155], 0.79], "logistic regression": [0.8095238095238095, 0.7727272727272727, [0.8327922077922079], 0.84], "gradient boosting": [0.65, 0.5909090909090909, [0.7061688311688311], 0.72], "k neigbors": [0.7906976744186046, 0.7727272727272727, [0.8149350649350651], 0.82]}