{"metrics": ["f1", "recall", "roc_auc", "accuracy"], "linear support vector": [0.7142857142857143, 0.625, [0.7708333333333333], 0.8], "random forest": [0.6666666666666666, 0.625, [0.7291666666666667], 0.75], "logistic regression": [0.7142857142857143, 0.625, [0.7708333333333333], 0.8], "gradient boosting": [0.6666666666666665, 0.75, [0.7083333333333334], 0.7], "k neighbors": [0.625, 0.625, [0.6875], 0.7]}